{"cameraMode":{"drawMode":0,"name":"Shaded","section":"Shading Mode"},"sceneLighting":false,"audioPlay":false,"sceneViewState":{"m_AlwaysRefresh":false,"showFog":true,"showSkybox":false,"showFlares":true,"showImageEffects":true,"showParticleSystems":true,"showVisualEffectGraphs":true,"m_FxEnabled":true},"in2DMode":false,"pivot":{"x":-4.792949199676514,"y":-0.278872013092041,"z":2.0834341049194338},"rotation":{"x":0.23177587985992433,"y":0.37735575437545779,"z":-0.09789703041315079,"w":0.8913453817367554},"size":0.8660253882408142,"orthographic":false}