{"cameraMode":{"drawMode":0,"name":"Shaded","section":"Shading Mode"},"sceneLighting":true,"audioPlay":false,"sceneViewState":{"m_AlwaysRefresh":false,"showFog":true,"showSkybox":true,"showFlares":true,"showImageEffects":true,"showParticleSystems":true,"showVisualEffectGraphs":true,"m_FxEnabled":true},"in2DMode":false,"pivot":{"x":-5.553207874298096,"y":1.5551456212997437,"z":1.3450355529785157},"rotation":{"x":-0.030697058886289598,"y":0.5334566235542297,"z":-0.019377902150154115,"w":-0.8450509905815125},"size":5.685366153717041,"orthographic":false}