{"cameraMode":{"drawMode":0,"name":"Shaded","section":"Shading Mode"},"sceneLighting":true,"audioPlay":false,"sceneViewState":{"m_AlwaysRefresh":false,"showFog":true,"showSkybox":true,"showFlares":true,"showImageEffects":true,"showParticleSystems":true,"showVisualEffectGraphs":true,"m_FxEnabled":true},"in2DMode":false,"pivot":{"x":3.4516406059265138,"y":3.823497772216797,"z":-1.9160547256469727},"rotation":{"x":-0.36164355278015139,"y":-0.07736580818891525,"z":0.029868178069591523,"w":-0.9287331104278565},"size":0.8660253882408142,"orthographic":false}